INSERT INTO ACADEMIC_STREAMS(ID, STREAM_NAME) VALUES(1, 'IITP');
INSERT INTO ACADEMIC_STREAMS(ID, STREAM_NAME) VALUES(2, 'POIT');
INSERT INTO ACADEMIC_STREAMS(ID, STREAM_NAME) VALUES(3, 'AI');

INSERT INTO STUDENT_GROUPS(ID, GROUP_NAME, academic_stream_id) VALUES(1, '153501', 1);
INSERT INTO STUDENT_GROUPS(ID, GROUP_NAME, academic_stream_id) VALUES(2, '153502', 1);
INSERT INTO STUDENT_GROUPS(ID, GROUP_NAME, academic_stream_id) VALUES(3, '153503', 1);
INSERT INTO STUDENT_GROUPS(ID, GROUP_NAME, academic_stream_id) VALUES(4, '153504', 1);

INSERT INTO STUDENT_GROUPS(ID, GROUP_NAME, academic_stream_id) VALUES(5, '222201', 2);
INSERT INTO STUDENT_GROUPS(ID, GROUP_NAME, academic_stream_id) VALUES(6, '222202', 2);


INSERT INTO STUDENT_GROUPS(ID, GROUP_NAME, academic_stream_id) VALUES(7, '333301', 3);
INSERT INTO STUDENT_GROUPS(ID, GROUP_NAME, academic_stream_id) VALUES(8, '333302', 3);

INSERT INTO STUDENTS(ID,STUDENT_NAME,GROUP_ID) VALUES (1,'Abramovich Pavel Nikolaevich', 1);
INSERT INTO STUDENTS(ID,STUDENT_NAME,GROUP_ID) VALUES (2, 'Bybko Alina Andreevna', 1);
INSERT INTO STUDENTS(ID,STUDENT_NAME,GROUP_ID) VALUES (3, 'Bychko Vasily Pavlovich', 2);
INSERT INTO STUDENTS(ID,STUDENT_NAME,GROUP_ID) VALUES (4, 'Glebtsova Elizaveta Nikolaevna', 2);
INSERT INTO STUDENTS(ID,STUDENT_NAME,GROUP_ID) VALUES (5, 'Grischuk Alexander Olegovich', 3);
INSERT INTO STUDENTS(ID,STUDENT_NAME,GROUP_ID) VALUES (6, 'Talay Artem Alexandrovich', 3);
INSERT INTO STUDENTS(ID,STUDENT_NAME,GROUP_ID) VALUES (7, 'Kosach Dmitry Anatolyevich', 4);
INSERT INTO STUDENTS(ID,STUDENT_NAME,GROUP_ID) VALUES (8, 'Kudlasevich Artur Ivanovich', 4);
INSERT INTO STUDENTS(ID,STUDENT_NAME,GROUP_ID) VALUES (9, 'Pihtovnikova Maria Timurovna', 5);
INSERT INTO STUDENTS(ID,STUDENT_NAME,GROUP_ID) VALUES (10, 'Stovba Vladislav Alexandrovich', 5);
INSERT INTO STUDENTS(ID,STUDENT_NAME,GROUP_ID) VALUES (11, 'Petrov Andrei', 6);
INSERT INTO STUDENTS(ID,STUDENT_NAME,GROUP_ID) VALUES (12, 'Farisey Yuriy Alexandrovich', 6);
INSERT INTO STUDENTS(ID,STUDENT_NAME,GROUP_ID) VALUES (13, 'Rogov Maxim Gennadievich', 7);
INSERT INTO STUDENTS(ID,STUDENT_NAME,GROUP_ID) VALUES (14, 'Mirolubov Ilia Igorevich', 7);
INSERT INTO STUDENTS(ID,STUDENT_NAME,GROUP_ID) VALUES (15, 'Pecherskiy Maxim', 8);
INSERT INTO STUDENTS(ID,STUDENT_NAME,GROUP_ID) VALUES (16, 'Pliska Vlad Sergeevich', 8);

UPDATE ACADEMIC_STREAMS
SET HEAD_STUDENT_ID = 1
WHERE ID = 1;

UPDATE ACADEMIC_STREAMS
SET HEAD_STUDENT_ID = 10
WHERE ID = 2;

UPDATE ACADEMIC_STREAMS
SET HEAD_STUDENT_ID = 15
WHERE ID = 3;
